Key;title;DOI;Cinese_title;checks;;;;
L3EZMFpY;Propagations of Rayleigh and Love waves in ZnO films/glass substrates analyzed by three-dimensional finite element method;https://doi.org/10.1088/1674-1056/26/8/087703;;;;;;
9JdPm99q;A case report : primary mucosa-associated lymphoid tissue lymphoma of the rectum;https://doi.org/10.11641/pde.72.2_112;;;;;Doi non esistenti per risorsa;168
UHw4KqA7;Total pancreatectomy ‚Äì A single center experience;https://doi.org/10.1016/j.pan.2016.06.379;;check doi;;;;
yAmdOBEK;Survey on water sources in Yungang Grottoes and some results;None;titolo solo cinese;;;;cinese titles;33
9yNTYW48;Research on Quick Reverse Injecting Time Sequence of Submunition;https://doi.org/10.3969/j.issn.1673-9728.2006.01.026;titolo solo cinese;;;;;
NqQl6MZm;Research on substances and energy metabolism mechanisms of Chinese Medicine treating pediatric cold based on methods of network pharmacology;https://doi.org/10.1016/j.aimed.2019.03.211;;;;;;
18XV1t9i;Survival benefit of gastrectomy for gastric cancer with peritoneal carcinomatosis: a propensity score-matched analysis.;https://doi.org/10.1002/cam4.877;;;;;;
9pGxy4jR;Influence of convex structure on drilling riser construction;https://doi.org/10.3969/j.issn.1000-7393.2009.01.010;titolo solo cinese;;;;;
gsAJ5AZj;Feed habituation alleviates decreased feed intake after feed replacement in broilers.;https://doi.org/10.3382/ps/pex358;;;;;;
JAGaKONV;Changes of hippocampal BDNF and TrkB expression during AMPA receptors mediated ketamine-induced antidepressant effect in rats;None;titolo solo cinese;;;;;
AhTjmLCd;Synthesis of Diarylmethanes through Palladium-Catalyzed Coupling of Benzylic Phosphates with Arylsilanes;https://doi.org/10.1055/s-0034-1379366;;;;;;
AT47s0gH;Identification of HIV-1 Epitopes that Induce the Synthesis of a R5 HIV-1 Suppression Factor by Human CD4;https://doi.org/10.1080/17402520500391557;;;;;;
AkeQgEiU;Rodent investigation in Wulan county of Qinghai province: the possibility of invading of Rattus norvegicus into Xizang along the Qinghai-Xizang Railway;https://doi.org/10.3969/j.issn.1003-4692.2007.01.001;titolo solo cinese;;;;;
Mukk8GNR;Influence of substrate temperature and Zn-precursors on atomic layer deposition of polycrystalline ZnO films on glass;https://doi.org/10.1016/j.tsf.2008.11.088;;;;;;
23ta1MBg;Differences in asthma control and management in Europe;https://doi.org/10.1183/09031936.00051512;;;;;;
kndRQzKe;Valley-dependent Exciton Fine Structure and Autler-Townes Doublets from Berry Phases in Monolayer Molybdenum Diselenide;https://doi.org/10.1038/s41563-019-0447-8;;;;;;
WefWFjFe;Preparation and characterization of nanosized ZSM-5 zeolites in the absence of organic template;https://doi.org/10.1016/j.matlet.2005.06.008;;;;;;
vwG8EM48;Design of Synthetically Testing System Based on ATE Technology for Dipping Sonar;https://doi.org/10.16526/j.cnki.11-4762/tp.2006.05.007;titolo solo cinese;;;;;
ria5bBca;Effect of hydroxyl radicals on biochemical and functional characteristics of myofibrillar protein from large yellow croaker (Pseudosciaena crocea).;https://doi.org/10.1111/jfbc.13084;;;;;;
W825aNdy;Experimental study on the therapy of rats with Parkinson's diseases by amniotic epithelial cells transplantation;https://doi.org/10.3969/j.issn.1005-9202.2006.02.038;titolo solo cinese;;;;;
EcPeFQ2z;Enhanced electrocaloric properties of PMN-PT thin films with LSCO buffer layers;https://doi.org/10.1142/S1793604711001634;;;;;;
U3PXUwtJ;Research Progress on the Synthesis and Application of Pyrylium Salts;https://doi.org/10.6023/cjoc201409023;titolo solo cinese;;;;;
NHA4VAzB;The age differences of sleep disruption on mood states and memory performance.;https://doi.org/10.1080/13607863.2019.1603286;;;;;;
Vw4O6ylu;Introduction of the hypotheses on the origins of bats-monophyly or diphyly;https://doi.org/10.3969/j.issn.1000-1050.2003.04.011;titolo solo cinese;;;;;
ORjSUAQ6;New Ni(II)Cu(II)Ni(II) trinuclear complexes with an S=3/2 high-spin ground state;None;titolo solo cinese;;;;;
FTU5bnA4;The current researches about distribution of intestinal flora among ulcerative colitis patients;https://doi.org/10.3969/j.issn.1005-5673.2012.06.015;titolo solo cinese;;;;;
6HcVYsrd;Research on the recognition of river network of watershed based on DEM and water tank theory;https://doi.org/10.3771/j.issn.1009-2307.2006.04.032;titolo solo cinese;;;;;
Tg80FDQD;A kinetic study of oxidative polymerization of 2 6-dimethylphenol with potassium ferricyanide in water;None;;;;;;
m4ph7rRX;Self-Contained Wireless Hall Current Sensor Applied for Two-Wire Zip-Cords;https://doi.org/10.1109/TMAG.2016.2524671;;;;;;
msDzD6oD;Investigation of blood-brain barrier damage using delayed scan after CT perfusion imaging;https://doi.org/10.3969/j.issn.1004-4140.2007.03.009;titolo solo cinese;;;;;
ZdPy3sQH;Structures and Phase Transition of Vaterite‚ÄêType Rare Earth Orthoborates: A Neutron Diffraction Study.;https://doi.org/10.1002/chin.200435009;;;;;;
R4rMKeu5;SeDS: Secure Data Sharing Strategy for D2D Communication in LTE-Advanced Networks;https://doi.org/10.1109/TVT.2015.2416002;;;;;;
34efDnNf;Evidence of association between gamma-aminobutyric acid type A receptor genes located on 5q34 and female patients with mood disorders.;https://doi.org/10.1016/S0304-3940(03)00611-6;;;;;;
qAqtHFlz;On Novel Flux Linkage Estimator-Based Space Vector Modulation-Direct Torque Control for PMSM;https://doi.org/10.3969/j.issn.1004-7018.2009.05.011;;;;;;
DfEMa3J3;Observation on Effects of Insecticides Mixed With Synergists to Kill Larvae of Culex pipiens pallens;None;titolo solo cinese;;;;;
ZXA26Dcg;Algorithm of Attribute Reduction Based on Extension Entropy of Variable Precision Thresholding in Incomplete Information System;None;titolo solo cinese;;;;;
kIJv6Iqd;Researched on the characteristics of self-excited induction generator;https://doi.org/10.4028/www.scientific.net/AMR.860-863.2252;;;;;;
VLVmUoqt;Metal-organic framework-derived one-dimensional porous or hollow carbon-based nanofibers for energy storage and conversion;https://doi.org/10.1039/c8mh00133b;;;;;;
4yWQxgCo;Application-aware secure multicast for power grid communications;https://doi.org/10.1109/smartgrid.2010.5622066;;;;;;
1QnrQcUU;Synthesis and Performance of New Type Thiophene Copolymers of Side Chain Including Imine;https://doi.org/10.14133/j.cnki.1008-9357.2013.02.003;titolo solo cinese;;;;;
8NTt8fwN;Prevalence and factors associated with baseline chronic kidney disease in China: a 10-year study of 785 upper urinary tract urothelial carcinoma patients.;https://doi.org/10.1016/j.jfma.2013.04.001;;;;;;
d4wE5vk9;The use of HA oligosaccharide-loaded nanoparticles to breach the endogenous hyaluronan glycocalyx for breast cancer therapy.;https://doi.org/10.1016/j.biomaterials.2013.05.036;;;;;;
rkhWyZfA;Diffusion characteristic of sulfate anion in surface region of cement mortar at early stage;https://doi.org/10.1007/s11595-017-1603-0;;;;;;
ZJ0fqYwJ;A rare case of paragangliomas of the organ of Zuckerkandl and review of the literature;https://doi.org/10.3870/j.jssn.1674-4624.2012.06.006;titolo solo cinese;;;;;
9W90l2Vj;The Trend in Mental Disability in Individuals Aged 60 and Older in China: National Sample Survey on Disability From 1987 to 2006;https://doi.org/10.1111/jgs.13628;;;;;;
9rP0xYpi;Effects of dietary nickel on detoxification enzyme activities in the midgut of Spodoptera litura Fabricius larvae;https://doi.org/10.1007/s11434-008-0423-1;;;;;;
nsZFGE17;MEMS-based microelectrode system incorporating carbon nanotubes for ionization gas sensing;https://doi.org/10.1016/j.snb.2007.05.026;;;;;;
uKvVjI00;Quantification of estrogens in infant formulas by isotope dilution liquid chromatography-tandem mass spectrometry;https://doi.org/10.1039/c8ay01101j;;;;;;
uchXRFF3;Water Security Evaluation:An Empirical Analysis Based on Chinese Macroscopical Data from 2000 to 2012;None;;;;;;
g76fBAS0;Effects of forest fires on transmission line equipments and external insulation;https://doi.org/10.3969/j.issn.1673-9140.2013.03.012;titolo solo cinese;;;;;
jt1EHs9a;Structure-property relationships for photoconduction in substituted polyacetylenes;https://doi.org/10.1021/cm990552k;;;;;;
1jBLAsmo;Hurricane Bonnie Landfalling Observed from ER-2 Doppler Radar on 26 August 1998 During CAMEX-3;None;;;;;;
B6bV4irR;Ionic liquid-modulated synthesis of ferrimagnetic Fe3S 4 hierarchical superstructures;https://doi.org/10.1039/c0cc00479k;;;;;;
C5oBs5Nc;PROCESS FOR THE PRODUCTION OF L-ASPARTIC ACID;None;;;;;;
SQN7ABNZ;Experimental and theoretical study of a novel loop heat pipe;https://doi.org/10.1016/j.applthermaleng.2017.11.020;;;;;;
aDbg3ONq;Dysregulation Of Bcl2 Family Proteins Induced By JAK2V617F Mutation Contributes To The Abnormal Expansion Of Neoplastic Initiating Cells;https://doi.org/10.1182/blood.v122.21.2852.2852;;;;;;
KRRC2t3s;Evaluating A Secure Protocol Scheme for Control Networks on the DETER Testbed;None;;;;;;
rXqRw7x3;The effect of interface resistances on thermal wave propagation in multi-layered samples;https://doi.org/10.1088/0022-3727/30/10/010;;;;;;
2qyMAUB9;Localized KD-Tree Accelerated Beam Tracing Method for Modelling Complex Urban Environment Propagation;https://doi.org/10.1109/compem.2018.8496633;;;;;;
D9VrntqY;Control for nonlinear discrete singular systems;https://doi.org/10.3321/j.issn:1005-3026.2007.06.004;titolo solo cinese;;;;;
laQdbBgl;On linkage mechanism between manufacturing and logistic industries;https://doi.org/10.3969/j.issn.1674-0823.2009.04.004;titolo solo cinese;;;;;
fJRc1Z2O;SYNTHESIS OF N -(4-VINYL)BENZYLIMIDAZOLE COPOLYMER AND OXYGEN-BINDING PROPERTIES OF ITS COMPLEX WITH COBALTPORPHYRIN: SYNTHESIS OF N -(4-VINYL)BENZYLIMIDAZOLE COPOLYMER AND OXYGEN-BINDING PROPERTIES OF ITS COMPLEX WITH COBALTPORPHYRIN;None;;;;;;
49eHJLlo;Temperature and hydration dependence of low-frequency spectra of poly-L-glutamic acid with different secondary structures studied by terahertz time-domain spectroscopy;https://doi.org/10.1039/c1sm06433a;;;;;;
ylvW3mim;A Porous Supramolecular Architecture from a Copper(II) Coordination Polymer with a 3D Four-Connected 86 Net;https://doi.org/10.1021/ic034846q;;;;;;
Ty531pMA;Another proof of monotonicity for extended mean values;https://doi.org/10.5556/j.tkjm.37.2006.165;;;;;;
eFUQZEzr;RETRACTED: Gemcitabine and ?-cyclodextrin/docetaxel inclusion complex-loaded liposome for highly effective combinational therapy of osteosarcoma;https://doi.org/10.1016/j.ijpharm.2014.11.052;;;;;;
xMSTzjQG;Effect of TiF3 on the dehydrogenation of LiAlH4;None;;;;;;
i6GH1N9o;The Development of The Workshop Quality Management Information System Based on C/S and B/S Mixed Mode;https://doi.org/10.3969/j.issn.1672-1616.2006.13.002;titolo solo cinese;;;;;
VZBMx4sd;Correlation Between Birth Defects and Dietary Nutrition Status in a High Incidence Area of China11This study was jointly supported by National ì973îProject on Population and Health (No. 2001CB5103), National Healthy Baby Promotion Program (No. FP2000NO13), Education Ministry Key Program (No. 02185), National Yangzi Scholar Program, 211 and 985 Projects of Peking University (No. 20020903).;https://doi.org/10.1016/s0895-3988(08)60005-7;;titolo mal formato nel validation;;;;
cq8McyIZ;Common genetic polymorphisms in pre-microRNAs were associated with increased risk of dilated cardiomyopathy.;https://doi.org/10.1016/j.cca.2010.05.010;;;;;;
fxFUr2tb;CFD optimization of feedstock injection angle in a FCC riser;https://doi.org/10.1016/j.ces.2016.07.003;;;;;;
OtCvI8kV;Enhanced electron field emission characteristics of single-walled carbon nanotube films by ultrasonic bonding;https://doi.org/10.1016/j.physe.2014.04.013;;;;;;
qnGp65Sw;Algorithm for post global routing RLC crosstalk avoidance;https://doi.org/10.1109/ICSICT.2004.1435220;;;;;;
575hu2sR;Improvement of Electrical Property of Sol-Gel-Derived Lead Zirconate Titanate Thin Films by Multiple Rapid Thermal Annealing;https://doi.org/10.1143/jjap.40.7002;;;;;;
l3Eftd4k;Virome analysis for identification of novel mammalian viruses in bat species from Chinese provinces.;https://doi.org/10.1128/JVI.01394-12;;;;;;
mkHRG19c;Encapsulation of Iron Nitride by FeñNñC Shell Enabling Highly Efficient Electroreduction of CO2 to CO;https://doi.org/10.1021/acsenergylett.8b00474;;;;;;
oAC9CPqB;Photocurrent response of carbon nanotube-metal heterojunctions in the terahertz range.;https://doi.org/10.1364/OE.22.005895;;;;;;
qnmvfbPC;Multifunctional carbon nanotube based brushes;None;;;;;;
PXxBzGhE;ChemInform Abstract: Efficient Asymmetric Synthesis of 4H?Chromene Derivatives Through a Tandem Michael AdditionóCyclization Reaction Catalyzed by a SalenóCobalt(II) Complex.;https://doi.org/10.1002/ejoc.201001151;;titolo mal formato nel validation;;;;
IB0S94UK;Oxidative coupling of methane over Ce<sup>4+</sup>-doped Ba<sub>3</sub> WO<sub>6</sub> catalysts: investigation on oxygen species responsible for catalytic performance;None;;;;;;
XTQc9O2C;Fluorescent nanofiber film based on a simple organogelator for highly efficient detection of TFA vapour;https://doi.org/10.1039/c7nj04435f;;;;;;
LShcSO31;Software System for the Measurement of the DMB-T Digital Signal;https://doi.org/10.3969/j.issn.1002-8692.2006.08.005;titolo solo cinese;;;;;
uYxCUOqJ;Organocatalytic dynamic kinetic resolution of azlactones to construct chiral N-acyl amino acid oxime esters;https://doi.org/10.1039/c5cc05534b;;;;;;
XUMuc4qg;Simultaneous observation of tunnel-type GMR and intrinsic CMR in nanometer perovskite;https://doi.org/10.1007/bf02880006;;;;;;
etOvAzTx;Low-temperature catalytic synthesis of SiC nanopowder from liquid phenolic resin and diatomite;https://doi.org/10.1080/17436753.2017.1386425;;;;;;
FXBfmQ0E;Geochemical characteristics and geological significance of the Paleoproterozoic volcanic rocks from the Xiaoliangling Formation in the L¸liang area, Shanxi Province;https://doi.org/10.3969/j.issn.1000-0569.2007.05.024;;;;;;
yIe6bUv8;Syntheses and crystal structures of new mono- and di-nuclear platinum(II) complexes with dithioether ligands;https://doi.org/10.1016/S0022-2860(01)00912-7;;;;;;
0FDk5ojQ;The Research on and Implementation of the Operation System of Soft PLC;https://doi.org/10.3969/j.issn.1005-6033.2008.11.095;titolo solo cinese;;;;;
jzc5tnCL;Synthesis and Antifoaming Performance of Fluorine-containing Polysiloxanes;https://doi.org/10.3321/j.issn:1003-5214.2007.03.006;titolo solo cinese;;;;;
R1L7o4a1;Environmental changes in the Ulan Buh Desert, southern Inner Mongolia, China since the middle Pleistocene based on sedimentology, chronology and proxy indexes;https://doi.org/10.1016/j.quascirev.2015.09.010;;;;;;
ftynhohd;Benzo(a)pyrene inhibits endometrial cell apoptosis in early pregnant mice via the WNT5A pathway.;https://doi.org/10.1002/jcp.27762;;;;;;
4lyVL06v;Self-assembly of iron oxide nanoparticles into oriented nanosheets by one-pot template-free synthesis at low pH;https://doi.org/10.1016/j.matlet.2009.02.046;;;;;;
vgDMR7R9;Angiotensinogen gene-activating elements regulate blood pressure in the brain.;https://doi.org/10.1161/01.res.85.3.257;;;;;;
46f65Or1;Spiral magnetic structure in spin-52 frustrated trimerized chains in SrMn3P4O14;https://doi.org/10.1103/PhysRevB.84.184435;;;;;;
8Y91lyEO;Constructing Method of the Functional Network of Activating Blood and Dissolving Stasis;https://doi.org/10.1016/S1876-3553(11)60024-0;;;;;;
Bk3qlIR5;Pressure-induced amorphization and polyamorphism in one-dimensional single-crystal TiO2 nanomaterials;https://doi.org/10.1021/jz9001828;;;;;;
N6tSKkqZ;PRELIMINARY STUDY ON FISHERIES BIOLOGY OF DOSIDICUS GIGAS IN THE WATERS NEAR THE EQUATOR OF EASTERN PACIFIC OCEAN;None;;;;;;
7SHrdSxG;A prospective study of autoantibodies to Ezrin and pancreatic cancer risk;https://doi.org/10.1007/s10552-016-0757-y;;;;;;
fC45F7Sd;Mechanical strength improvement of polypropylene threads modified by PVA/CNT composite coatings;https://doi.org/10.1016/j.matlet.2008.07.037;;;;;;
KTOm9szv;Synthesis and biological evaluation of ticagrelor derivatives as novel antiplatelet agents.;https://doi.org/10.1016/j.bmcl.2012.04.050;;;;;;
LZSIN1qq;"Nickel accumulation and its effects on the survival rate of <Emphasis Type=\""Italic\"">Spodoptera litura</Emphasis> fabricius under continuous nickel stress";https://doi.org/10.1007/s11434-007-0293-y;;;;;;
TV7jQ2XT;A model for biased diffusion of collagenase along collagen fibrils.;https://doi.org/10.1016/j.jtbi.2006.06.002;;;;;;
MXUJmf9h;Postmortem changes in yellow grouper (Epinephelus awoara) fillets stored under vacuum packaging at 0 ∞c;None;;probabilmente sbagliato l'anno nel validation;;;;
Cnq3Ydzw;Visual Programming Environment Design and Implementation of C Language;https://doi.org/10.3963/j.issn.1007-144x.2010.04.012;titolo solo cinese;;;;;
AV07OiLd;AGC system for 3500 mm plate mill in Shougang Group;https://doi.org/10.3969/j.issn.1000-7059.2006.01.006;titolo solo cinese;;;;;
Jw0OXJQ9;A spline smoothing Newton method for finite minimax problems;https://doi.org/10.1007/s10665-014-9733-2;;;;;;
nVCNMSkU;Guanylate binding protein 4 negatively regulates virus-induced type I IFN and antiviral response by targeting IFN regulatory factor 7.;https://doi.org/10.4049/jimmunol.1003691;;;;;;
CPtmIdgq;Electrochemical Impedance Spectroscopy of Porous Nickel Electrode and its Mathematical Model;None;;;;;;
zC4oEFdI;Piezochromic luminescence of AIE-active molecular co-crystals: tunable multiple hydrogen bonding and molecular packing;https://doi.org/10.1039/c8tc02444h;;;;;;
rfNync4h;Microfabricated on-chip integrated Au-Ag-Au three-electrode system for in situ mercury ion determination.;https://doi.org/10.1039/b924545f;;;;;;
4Tseg1gS;Tumor necrosis factor (TNF) increases myosin light chain kinase isoform 1 (MLCK1) transcription and targets MLCK1 to the perijunctional actomyosin ring in vitro and in vivo.;https://doi.org/10.1096/fasebj.21.5.a587;;;;;;
UHuHrWhi;Ranirestat Improved Nerve Conduction Velocities, Sensory Perception, and Intraepidermal Nerve Fiber Density in Rats with Overt Diabetic Polyneuropathy.;https://doi.org/10.1155/2019/2756020;;;;;;
fN6RcEcS;High and selective CO 2 uptake, H 2 storage and methanol sensing on the amine-decorated 12-connected MOF CAU-1;https://doi.org/10.1039/c1ee01380g;;;;;;
P0ez7k4M;A quantitative study on accumulation of age mass around stagnation points in nested flow systems: AGE DISTRIBUTION AROUND STAGNATION POINTS;None;;;;;;
BpqUSIso;ChemInform Abstract: N,N??DioxideóScandium(III)?Catalyzed Asymmetric Aza?FriedelóCrafts Reaction of Sesamol with Aldimines.;https://doi.org/10.1021/jo5020036;;titolo mal formato nel validation;;;;
1cqTRrwu;Robust H ? control for uncertain descriptor systems by proportionalñderivative state feedback;https://doi.org/10.1080/00207170903100222;;;;;;
l2chqxXV;In situ grown graphene-encapsulated germanium nanowires for superior lithium-ion storage properties;https://doi.org/10.1039/c3ta11313b;;;;;;
cDNXur1H;Identification of a Functional Non-coding Variant in the GABA  Receptor ?2 Subunit of the C57BL/6J Mouse Reference Genome: Major Implications for Neuroscience Research.;None;;;;;;
Lf0dxy8L;The effect of iron oxides and oxalate on the photodegradation of 2-mercaptobenzothiazole;https://doi.org/10.1016/j.molcata.2006.02.036;;;;;;
D9xXT3yU;Study on mitigating membrane fouling based on precursor and flocculant Al b matching in EC/O-UF system.;https://doi.org/10.2166/wst.2019.422;;;;;;
7DXmm6XO;Code size reduction technique and implementation for software-pipelined DSP applications;https://doi.org/10.1145/950162.950168;;;;;;
zWaRRJAl;Thermochronological constraints on two-stage extrusion of HP/UHP terranes in the DabieñSulu orogen, east-central China;https://doi.org/10.1016/j.tecto.2011.01.017;;;;;;
PHGVUo9i;Comparing asthma and COPD inhaler devices in real life clinical practice in the UK: differences in training requirements and preference;https://doi.org/10.1183/1393003.congress-2017.PA3889;;;;;;
cAegH8Wq;Measurement of cosmic ray flux in the China JinPing underground laboratory;https://doi.org/10.1088/1674-1137/37/8/086001;;;;;;
bEZXvRHk;Discussion on Social Information Collection;https://doi.org/10.3969/j.issn.1008-0821.2012.02.011;titolo solo cinese;;;;;
MxkhAFyp;Reply to the ëComment on ìWetting-induced formation of controllable monodisperse multiple emulsions in microfluidicsîíby J. Guzowski and P. Garstecki, Lab Chip, 2014, 14;https://doi.org/10.1039/c4lc00028e;;;;;;
vp3oUuXJ;Structural and photoluminescence properties of Zn0.8Mg 0.2O thin films grown on Si substrate by pulsed laser deposition;https://doi.org/10.1016/j.tsf.2003.12.127;;;;;;
gUyFSmFn;Correction: MoS2/reduced graphene oxide hybrid structure and its tribological properties;https://doi.org/10.1039/C6RA90041K;;;;;;
Iuzz1kkB;An Efficient and Practical Synthesis of Dibenzo[d,f][1,3]?dioxepines from 2,2??Dihydroxybiphenyl with Terminal Alkynes Catalyzed by Lewis Acid TiCl4;https://doi.org/10.1002/cjoc.201190225;;;;;;
Z8j2S0C9;CREB mediates glucagon action to upregulate hepatic MPC1: inhibitory effect of ginsenoside Rb1 on hepatic gluconeogenesis.;https://doi.org/10.1111/bph.14758;;;;;;
Xz0mbRNA;P-564 MULTI-DIMENSIONAL HPLC MAPPING METHOD FOR STRUCTURAL ANALYSES OF N-GLYCANS AND ITS APPLICATIONS TO N-GLYCOSYLATION PROFILING OF ORGANISMS AND TISSUES;None;;;;;;
2il4kie0;Interfacial growth of metal-organic framework membranes on porous polymers via phase transformation.;https://doi.org/10.1039/c7cc09905c;;;;;;
tGHiisHP;Numerical Analysis of Die Forming Process for Vehicle Hub Axle;https://doi.org/10.3969/j.issn.1001-3814.2011.05.040;titolo solo cinese;;;;;
YNCnWtJF;Shear Buckling Analysis for Simply Supported Plate Panel with Larger Opening;https://doi.org/10.3969/j.issn.1000-3878.2012.01.008;titolo solo cinese;;;;;
m9NK01S4;Urban sustainability: an inevitable goal of landscape research;https://doi.org/10.1007/s10980-009-9444-7;;;;;;
6tznUTmH;Characteristics of doped TiO2 photocatalysts for the degradation of methylene blue waste water under visible light;https://doi.org/10.1016/j.jallcom.2010.04.027;;;;;;
2AMvdSMK;Overexpression of SIRT1 promotes metastasis through epithelial-mesenchymal transition in hepatocellular carcinoma.;https://doi.org/10.1186/1471-2407-14-978;;;;;;
bmp3wh48;Comparison of Pregnancy Outcomes between Natural Cycle and Hyperstimulation Cycle in Intrauterine Insemination;https://doi.org/10.3969/j.issn.1003-6946.2010.08.018;titolo solo cinese;;;;;
EpYvxHya;Turning and Milling Technique for Nurse Line Parts of Electronic Scale;https://doi.org/10.3969/j.issn.1671-931X.2012.05.017;titolo solo cinese;;;;;
qCc9GilS;DNA Methylation in Potato Under Drought Stress;https://doi.org/10.3969/j.issn.1672-3635.2012.01.003;titolo solo cinese;;;;;
cDXqTwyX;Robust decentralised load frequency control for interconnected time delay power systems using sliding mode techniques;https://doi.org/10.1049/iet-cta.2019.0809;;;;;;
G7kHZH6Q;Diamino-pyridine, pyrimidine, and pyrazine modulators of the histamine H4 receptor;None;;;;;;
nZnh9Mrl;Robust methods for accurate diagnosis using pan-microbiological oligonucleotide microarrays.;https://doi.org/10.1186/1471-2105-10-S2-S11;;;;;;
M6W6SvgA;A POD-Galerkin reduced-order model for isotropic viscoelastic turbulent flow;https://doi.org/10.1016/j.icheatmasstransfer.2017.04.010;;;;;;
bTlvu5f5;Large Piezoresistance and Pressure-Induced Change in Electric Properties in Perovskite-like La<sub>0.85</sub>Sr<sub>0.15</sub>MnO<sub>3</sub>;https://doi.org/10.1088/0256-307X/13/11/019;;;;;;
SDQqdeL5;ChemInform Abstract: Highly Efficient Synthesis of 3?Amino?/Alkylthio?cyclobut?2?en?1?ones Based on the Cyclization of Acyl Ketene Dithioacetals.;https://doi.org/10.1039/c0cc02470h;;titolo mal formato nel validation;;;;
3Ttps8jX;An extension of an inequality for ratios of gamma functions.;https://doi.org/10.1016/j.jat.2011.04.003;;;;;;
uH3G8iq0;Features of Machine Variables in Thermosonic Flip Chip;https://doi.org/10.4028/www.scientific.net/kem.339.257;;;;;;
YCjwDBZy;Management and prognosis of cysts developed on long-term follow-up after Gamma Knife radiosurgery for intracranial arteriovenous malformations.;https://doi.org/10.1016/j.surneu.2006.11.051;;;;;;
KSBInoF4;14-3-3eta is a novel regulator of parkin ubiquitin ligase.;https://doi.org/10.1038/sj.emboj.7600774;;;;;;
n3eLo9Py;Regio and stereoselective preparation of substituted cyclopentanones from cyclohexenones utilizing trimethylstannyllithium as a key reagent;https://doi.org/10.1016/s0040-4020(01)89517-x;;;;;;
pgUuGdpR;Mononuclear species LnL and LnLH-1 based on 1,10-phenanthroline dibenzoimidazole derivatives as catalysts for hydrolysis of 2-hydroxypropyl-4- nitrophenyl phosphate (HPNP);https://doi.org/10.1007/s11243-007-0227-1;;;;;;
3mnhbc7H;Best metallic glass former Al 2 Ni 4 Zr 9 optimized by cluster-plus-glue-atom model;https://doi.org/10.1016/j.intermet.2012.03.029;;;;;;
oe0S3jzG;Cerebral arterial stiffness for predicting functional outcome in acute ischemic stroke.;https://doi.org/10.1038/s41440-019-0313-8;;;;;;
ZSFi8llP;ChemInform Abstract: Direct Synthesis of Polyfunctionalized Unsaturated ??Lactones and ??Lactams from ??Alkenoyl ??Carboxyl/Carbamoyl Ketene S,S?Acetals under Vilsmeier Conditions.;https://doi.org/10.1002/chin.200950147;;;;;;
MHYhdEAZ;Exceptional thermal stability and thermodynamic properties of lithium based metalñorganic framework;https://doi.org/10.1007/s10973-010-0880-z;;;;;;
7t9s1wBn;Infrared fingerprints of few-layer black phosphorus;https://doi.org/10.1038/ncomms14071;;;;;;
IgeeM6ss;The Annual Runoff Variation Trends in the Three Headstreams of Tarim River;https://doi.org/10.13249/j.cnki.sgs.2011.06.019;titolo solo cinese;;;;;
0iQlq9k0;A tandem reaction of 2-acetylmethylene-1,3-dithiolanes via fragmentation of the dithiolane ring in the presence of amines: a facile route to functionalized thioamides;https://doi.org/10.1016/j.tetlet.2007.09.065;;;;;;
ZOxnvquK;VPO 4 @C/graphene microsphere as a potential anode material for lithium-ion batteries;https://doi.org/10.1016/j.ceramint.2018.05.056;;;;;;
DyJQdRe7;Online Deception Attack against Remote State Estimation;https://doi.org/10.3182/20140824-6-ZA-1003.02668;;;;;;
2AmEtxrK;Shot noise analysis on corrosion behavior of zinc alloy (ZnAl4Cu1) under dry-wet cycles;https://doi.org/10.1016/s1003-6326(11)61165-5;;;;;;
bWHUQwx1;Quantized control of event-triggered networked systems with time-varying delays;https://doi.org/10.1016/j.jfranklin.2018.05.041;;;;;;
o8RFQmKF;Effects of controlled SiO 2 deposition and phosphorus and nickel doping on surface acidity and diffusivity of medium and small sized HZSM-5 for para-selective alkylation of toluene by methanol;None;;;;;;
8r2lugdq;Up-regulation of hTERT expression by low-dose cisplatin contributes to chemotherapy resistance in human hepatocellular cancer cells;https://doi.org/10.3892/or_00000470;;;;;;
gZjQF71y;Effects of dietary total phosphorus concentration and casein supplementation on the determination of true phosphorus digestibility for broiler chickens;https://doi.org/10.1080/1828051X.2017.1346489;;;;;;
qSBB8Dl7;Rapid Determination of Sixteen Kinds of Food Additives in Beverages by Ultra Performance Liquid Chromatography;None;titolo solo cinese;;;;;
wuXTO1Ox;Catalytic asymmetric homologation of ?-ketoesters with ?-diazoesters: synthesis of succinate derivatives with chiral quaternary centers.;https://doi.org/10.1002/anie.201305478;;;;;;
xueiObYF;Highly selective solid-phase extraction of trace Pd(II) by murexide functionalized halloysite nanotubes.;https://doi.org/10.1016/j.aca.2011.11.047;;;;;;
KjVuXVcc;A central role for the mammalian target of rapamycin in LPS-induced anorexia in mice.;https://doi.org/10.1530/JOE-14-0523;;;;;;
AY7L5ylN;Preimplantation genetic diagnosis of Duchenne muscular dystrophy by single cell triplex PCR;https://doi.org/10.3321/j.issn:1672-7347.2007.02.009;;;;;;
FOp8BRUl;Secondary mountain disasters induced by the 4∑20 Lushan earthquake and disaster mitigation;None;titolo solo cinese;;;;;
Ss81m2OO;Cell-Surface Protein Profiling Identifies Distinctive Markers of Progenitor Cells in Human Skeletal Muscle.;https://doi.org/10.1016/j.stemcr.2016.07.004;;;;;;
qyn0ODnz;Epidemiological characteristics of rubella detected by measles surveillance system in Minhang district in Shanghai,2004-2010;None;titolo solo cinese;;;;;
fZL4nWeT;Catalyst for exhaust gas purification and exhaust gas purification system using the same;None;;;;;;
yxFWCkMq;Comparison of Prognosis on Esopageal Carcinoma Treated with 3D-CRT and IMRT for Elderly Patients;https://doi.org/10.3971/j.issn.1000-8578.2012.08.031;;could not find doi site;;;;
FpQfF3AX;GROWTH OF BACILLUS CEREUS IN NUTRITIONAL BROTH;https://doi.org/10.3969/j.issn.1005-6521.2009.09.020;titolo solo cinese;;;;;
LFYCLfKc;AB027. Long-acting beta-agonist in combination or separate inhaler as step-up therapy for children with uncontrolled asthma receiving inhaled corticosteroids;https://doi.org/10.21037/jtd.2016.s027;;;;;;
GJl2gWSG;The formation of passive films of carbon steel in borate buffer and their degradation behavior in NaCl solution by SECM;https://doi.org/10.1016/s1452-3981(23)14373-2;;;;;;
nLbPD0Om;Pharmacodynamics Study on the Anti-Inflammatory Effects of Different Extraction Parts from Rhizoma Cibotii's Crude Drugs and Products;https://doi.org/10.13193/j.archtcm.2012.12.164.suotj.052;titolo solo cinese;;;;;
fKZKTEe6;Simultaneous Determination of Eleven Phthalic Acid Esters in Waterborne Coatings by High Performance Liquid Chromatography;https://doi.org/10.3969/j.issn.1004-4957.2009.05.009;;nome primo autore sbagliato nel validation;;;;
7kyfiRPK;Nucleocapsid protein of SARS-CoV activates interleukin-6 expression through cellular transcription factor NF-Œ∫B;None;;;;;;
nJhIaPIT;Laboratory Diagnosis of Imported Dengue Fever Case Firstly Intercepted at Fujian Port;https://doi.org/10.16408/j.1004-9770.2010.04.023;titolo solo cinese;;;;;
Wv1kgOU7;Intervention of life-habit improves memory and emotional status;https://doi.org/10.1016/j.jalz.2010.05.1103;;titolo mal formato nel validation;;;;
tRlRotuE;Synthesis of porous carbons from coal tar pitch for high-performance supercapacitors;https://doi.org/10.1016/s1872-5805(19)60006-5;;;;;;
OwQfdwxz;Structural and electrochemical properties of a porous nanostructured SnO 2 film electrode for lithium-ion batteries;None;;;;;;
sSCFBAuw;The Ru-catalyzed enantioselective preparation of chiral halohydrins and their application in the synthesis of (R)-clorprenaline and (S)-sotalol;https://doi.org/10.1016/j.tetasy.2011.04.017;;;;;;
0lkKKn1y;Annulations of ?-Carbamoyl Ketene Dithioacetals with Dicarboxylic Acid Dichlorides: Synthesis of Functionalized Pyrrolidinetriones and Piperidinetriones: Synthesis of Functionalized Pyrrolidinetriones and Piperidinetriones;https://doi.org/10.1002/ejoc.201301227;;;;;;
EMqTJoge;An Unbiased Offline Evaluation of Contextual Bandit Algorithms with Generalized Linear Models;https://doi.org/10.5555/3045725.3045727;;;;;;
cTPxtcaI;PRESSURE REDUCING VALVE HAVING SHUTOFF MECHANISM;None;;;;;;
0fJwBSPC;Numerical simulation of effect of hollow fiber packing density on mass transfer in dialyzers;https://doi.org/10.3321/j.issn:0438-1157.2004.03.004;titolo solo cinese;;;;;
S5tzsLO3;Urban Land Classification Research Based on Data Field;https://doi.org/10.1007/978-3-540-92137-0_92;;;;;;
ZIXIwnOs;Analysis on Changes of Farmers' Willingness to Join NCMS in Six Counties in Ningxia and Shandong Province;https://doi.org/10.3969/j.issn.1007-953X.2010.04.016;;;;;;
pPiVzywm;Prevalence of serious post-training inhaler technique errors made by device-naÔve patients using three different dry powder inhalers (DPIs);https://doi.org/10.1183/13993003.congress-2015.pa3927;;;;;;
KgjgolcE;Determination of trace arsenic in naphtha by graphite furnace atomic absorption spectrometry;https://doi.org/10.3969/j.issn.1000-0720.2006.10.012;titolo solo cinese;;;;;
elyOKFlk;Study on F-F transitions of powdered neodymium compounds by photoacoustic spectroscopy;None;;;;;;
OPKu4c5s;On Hermite-Hadamard Type Inequalities for ( ? , M )-Convex Functions;None;;;;;;
LrtlCAmp;THE PREPARATION AND INFLUENCE FACTORS OF STABLE ARTEMISIAARGYLLEM OIL EMULSION;https://doi.org/10.3969/j.issn.1000-5811.2005.06.020;;;;;;
zBJeish8;c?Myc promotes cholangiocarcinoma cells to overcome contact inhibition via the mTOR pathway.;https://doi.org/10.3892/or.2017.5913;;;;;;
6X6vRJ1f;Syntheses and properties of a family of new compounds RE 3 Sb 3 Co 2 O 14 ( RE =La, Pr, Nd, Sm‚ÄìHo) with an ordered pyrochlore structure;https://doi.org/10.1016/j.jssc.2014.05.003;;;;;;
WVz48rJ8;Incidence and risk factors of HIV infection among sero-negative spouses of HIV patients in Dehong prefecture of Yunnan province];https://doi.org/10.3760/cma.j.issn.0254-6450.2010.09.009;;;;;;
MOey8Jpy;pH-Sensitive micelles with mitochondria-targeted and aggregation-induced emission characterization: synthesis, cytotoxicity and biological applications.;https://doi.org/10.1039/c8bm00889b;;;;;;
w5dKiGVG;Research of standard programme of posterior microendoscopic discectomy in treatment of lumbar disc herniation;https://doi.org/10.3969/j.issn.1671-8348.2007.11.005;titolo solo cinese;;;;;
ISyLzQ8E;Thermal Diffusivity of Film/Substrate Structures Characterized by Transient Thermal Grating Method;https://doi.org/10.1088/0256-307X/25/1/048;;;;;;
SRFan6Ck;Mutation L437P in the 2B domain of keratin 1 causes diffuse palmoplantar keratoderma in a Chinese pedigree;https://doi.org/10.1111/j.1468-3083.2009.03175.x;;;;;;
93sWv2Ox;Synthesis of SnO nanocrystals with shape control via ligands interaction and limited ligand protection;https://doi.org/10.1016/j.colsurfa.2010.04.005;;;;;;
Win86Wp3;Influence of laser energy and repetition rate on characteristic of laser-induced soil plasmas;https://doi.org/10.3788/cjl201138.0215002;;;;;;
rVKxWKNU;Simulation of shaleñproppant interaction in hydraulic fracturing by the discrete element method;https://doi.org/10.1016/j.ijrmms.2014.04.011;;;;;;
ugLzlMxq;DcR3, a new biomarker for sepsis, correlates with infection severity and procalcitonin.;https://doi.org/10.18632/oncotarget.23736;;;;;;
IdHYGRpT;Structural basis for modulation of Kv4 K+ channels by auxiliary KChIP subunits.;https://doi.org/10.1038/nn1822;;;;;;
mCLk8eNk;Perfect balance harmony in Ba2NO3(OH)3: a beryllium-free nitrate as a UV nonlinear optical material;https://doi.org/10.1039/c8cc03007c;;;;;;
PHaCHxBF;Solving the KarushñKuhnñTucker system of a nonconvex programming problem on an unbounded set;https://doi.org/10.1016/j.na.2008.01.008;;;;;;
6Fe78jAd;Analysis of TCR V? repertoire and clonality of CD4~+ and CD8~+ T cells in patients with CML;None;;;;;;
3h6SFpWt;Study on synthesis and properties of Al-based composite applied to Al-H_2O propellant;None;;;;;;
3Bz5bVDk;Large ceramic mirror for space optical applications;https://doi.org/10.3321/j.issn:0367-6234.2007.05.026;;check doi;;;;
mWrwbANQ;Selective solid-phase extraction of trace Fe(III) from biological and natural water samples using nanometer SiO<sub>2</sub> modified with acetylsalicylic acid;https://doi.org/10.1007/s00604-007-0790-3;;;;;;
bcYQ3bma;Enzymatic Hydrolysis of Small Yellow Croaker Scraps for Preparing Flavor Precursors;None;titolo solo cinese;;;;;
afPQX8dM;Effect of Intranasal Delivery of insulin-Like Growth Factor-1 on Proliferation of Endogenous Neural Stem Cells of Newborn Rats with Hypoxic-Ischemic Brain Damage;https://doi.org/10.3969/j.issn.1003-515x.2012.09.018;titolo solo cinese;;;;;
qKUw2vMt;Fully distributed optical fiber strain sensor based on Brillouin optical-fiber frequency domain reflectometry;None;;;;;;
WfSbH3tn;Mantis: automatic performance prediction for smartphone applications;https://doi.org/10.5555/2535461.2535498;;;;;;
o6YLWPYp;Bifunctional Guanidine via an Amino Amide Skeleton for Asymmetric Michael Reactions of ?-Ketoesters with Nitroolefins: A Concise Synthesis of Bicyclic ?-Amino Acids;https://doi.org/10.1002/anie.200901337;;;;;;
ScKS8TSI;Molecular detection of whiteflies-transmitted geminiviruses infecting oriental tobacco.;https://doi.org/10.3969/j.issn.1001-4829.2007.03.021;;check doi;;;;
gWHFzDFH;Rh(III)-Catalyzed Atroposelective Synthesis of Biaryls via C-H Activation and Intermolecular Coupling with Sterically Hindered Alkynes.;None;;;;;;
2Z2yKajN;Discrimination of False Negative Results in RT-PCR Detection of SARS-CoV-2 RNAs in Clinical Specimens by Using an Internal Reference.;https://doi.org/10.1007/s12250-020-00273-8;;;;;;
7lxbdN3U;A comparison of multi-component indices of COPD severity in primary care: An UNLOCK study from the IPCRG;None;;;;;;
d1Yijdsm;Real Time 3-D Echocardiographic Quantitative Evaluation of Mitral Valvular Eccentric Regurgitation;https://doi.org/10.3969/j.issn.1002-0101.2007.02.012;titolo solo cinese;;;;;
edDiGUqq;Targeting autophagy potentiates chemotherapy-induced apoptosis and proliferation inhibition in hepatocarcinoma cells.;https://doi.org/10.1016/j.canlet.2012.03.002;;;;;;
cEqlW2Nl;Apatinib plus icotinib in treating advanced non-small-cell lung cancer after icotinib treatment failure.;https://doi.org/10.1200/JCO.2017.35.15_suppl.e20528;;;;;;
7lIRDche;Prognostic significance of HALP (hemoglobin, albumin, lymphocyte and platelet) in patients with bladder cancer after radical cystectomy.;https://doi.org/10.1038/s41598-018-19146-y;;;;;;
L0rNjisy;The Influence of Pd Particles Distribution Position on Pd/CNTs Catalyst for Acetylene Selective Hydrogenation;https://doi.org/10.1007/s10562-014-1388-0;;;;;;
ypnjioTt;Automatic Construction of Discourse Corpora for Dialogue Translation.;https://doi.org/10.48550/arXiv.1605.06770;;;;;;
TsyvF5dc;Research of Privacy-preserving Technology in Wireless Sensor Network Data Aggregation;https://doi.org/10.3969/j.issn.1000-3428.2012.15.037;titolo solo cinese;;;;;
HV9NWqxw;Study of incidence of EML4-ALK confusion gene in selected lung adenacarcinomas;None;;;;;;
7QY02G4p;Upconversion luminescence, ferroelectrics and piezoelectrics of Er Doped SrBi4Ti4O15;https://doi.org/10.1063/1.4773318;;;;;;
3eojnRAd;Determination of polychlorinated biphenyls and polybrominated diphenyl ethers in ambient air using high volume sampling and high resolution gas chromatography/high resolution mass spectrometry;https://doi.org/10.3724/sp.j.1123.2010.00449;;;;;;
MjtIJwg0;Studies on the CTA/CTG trinucleotide repeats of ATXN8OS gene in Chinese Hans];None;;;;;;
sJSF8h2t;Ocular ischemic syndrome secondary to carotid artery occlusion as a late complication of radiotherapy of nasopharyngeal carcinoma.;https://doi.org/10.1097/wno.0b013e3181dee914;;;;;;
TqhFs9NB;Size- and shape-controlled synthesis of PbSe and PbS nanocrystals via a facile method;None;;;;;;
VULUhoAV;Algorithm of Vehicle Flow Measurement Based on Machine Vision;https://doi.org/10.3969/j.issn.1002-8692.2011.15.003;titolo solo cinese;;;;;
d0VqI5aE;The Feature of CD3-zeta Chain Gene Expression in Mononuclear Cells without and with Stimulation by Different Factors from Umbilical Cord Blood.;https://doi.org/10.1182/blood.v110.11.3870.3870;;;;;;
lASJTnWi;Transferrin-conjugated lipid-coated PLGA nanoparticles for targeted delivery of aromatase inhibitor;None;;;;;;
YE57D229;Isolation and antioxidation of bioactive proteins from Meretrix meretrix;https://doi.org/10.3969/j.issn.1002-3461.2007.06.008;titolo solo cinese;;;;;
ctfiwmTp;Invasive Infections Due to Trichosporon : Species Distribution, Genotyping, and Antifungal Susceptibilities from a Multicenter Study in China.;https://doi.org/10.1128/jcm.01505-18;;;;;;
ZEkMefEh;Face-Off: A Face Reconstruction Technique for Virtual Reality (VR) Scenarios.;https://doi.org/10.1007/978-3-319-46604-0_35;;;;;;
neIAKOvx;Dynamic modeling and simulation of the mesoporous material and acid red 12~# dye molecule system;https://doi.org/10.3321/j.issn:1001-053x.2008.04.005;titolo solo cinese;;;;;
HLtXUilf;Terminal Spin Labeling of a High-mannose-type Oligosaccharide for Quantitative NMR Analysis of Its Dynamic Conformation;https://doi.org/10.1246/cl.130040;;;;;;
UUyhxaL2;Enhanced visible-light photocatalytic activity of a TiO 2 hydrosol assisted by H 2 O 2 : surface complexation and kinetic modeling;https://doi.org/10.1016/j.molcata.2016.01.011;;;;;;
2jJb8SZP;One-pot synthesis of substituted indole N-oxides: TiCl4-mediated Baylis-Hillman reaction of ?-oxo cyclic ketene-S,S-acetal with o-nitrobenz-aldehydes and subsequent intramolecular cyclization;None;;;;;;
U6JZZTgG;Zn(x)Cd(1-x)Se nanomultipods with tunable band gaps: synthesis and first-principles calculations.;None;;;;;;
Fu72FGqK;Stereocontrolled Total Synthesis of (?)-Gleenol Using Claisen Rearrangement of Sterically Congested Dihydropyran;https://doi.org/10.1246/cl.2008.770;;;;;;
RrwXUdas;Carbonaceous matter and PBDEs on indoor/outdoor glass window surfaces in Guangzhou and Hong Kong, South China;https://doi.org/10.1016/j.atmosenv.2010.05.057;;;;;;
kt5e1lip;[Development and applications of CRISPR/Cas9 library screening technology in cancer research].;https://doi.org/10.12122/j.issn.1673-4254.2019.11.18;;;;;;
gBsbUses;MicroRNAs inhibit the translation of target mRNAs on the endoplasmic reticulum in Arabidopsis.;https://doi.org/10.1016/j.cell.2013.04.005;;;;;;
PZzuFCCS;Perturbation influences of parameters on dynamic performance of a virtual synchronous generator.;https://doi.org/10.1109/IECON.2017.8216239;;;;;;
s9OEyfub;Study of the Effect of the Natural Antioxidantion on Lipid Oxidative-controlling and Fresh-keeping in Chilled Meat;https://doi.org/10.3321/j.issn:0253-990X.2005.10.038;titolo solo cinese;;;;;
x5vRZ8yj;A cross-layer study for application-aware multi-hop cognitive radio networks: A cross-layer study for application-aware multi-hop cognitive radio networks;https://doi.org/10.1002/wcm.2557;;;;;;
HxMKGz6u;IEEE Access Special Section Editorial: Data Mining and Granular Computing in Big Data and Knowledge Processing.;https://doi.org/10.1109/access.2019.2908776;;;;;;
W8zH9eV0;Ionic liquids combined with Pt-modified ordered mesoporous carbons as electrolytes for the oxygen sensing;https://doi.org/10.1016/j.snb.2017.07.069;;;;;;
Z35LN0wS;ChemInform Abstract: A Hexagonal Perovskite Intergrowth Compound: La2Ca2MnO7.;https://doi.org/10.1002/chin.200046017;;;;;;
zHXl6GD9;Preparation of chitosan composite film and its functionalization for biomolecules;None;titolo solo cinese;;;;;
8ayJroxc;Integral Imaging Pickup Method With Extended Depth-of-Field by Gradient-Amplitude Modulation;https://doi.org/10.1109/jdt.2016.2580098;;;;;;
lQccqlGH;Crystal structure and phase relationships in the pseudobinary system Nd5Si4ñNd5Ge4;https://doi.org/10.1016/s0925-8388(02)00524-8;;anno sbagliato nel validation;;;;
X1M3gXPJ;Structural and magnetic properties of Ba 3La 3Mn 2W 3O 18;None;;;;;;
3FLM5CaE;Hydrothermal synthesis and magnetic properties of nanosized nickel zinc ferrite powder;https://doi.org/10.3321/j.issn:0454-5648.2007.06.009;titolo solo cinese;;;;;
daMhY6g4;A Chinese genetic prion disease: Clinical, pathological manifestation and prion protein gene mutation analysis;https://doi.org/10.3760/j.issn:1006-7876.2007.11.004;;;;;;
dBE3QxH0;New colorimetric chemosensor bearing naphthalendiimide unit with large blue-shift absorption for naked eyes detection of Cu 2+ ions;https://doi.org/10.1016/j.snb.2012.07.037;;;;;;
F0L8GihE;Synthesis and characterization of a novel terephthalate-bridged ladderlike polymethylsiloxane;"https://doi.org/10.1002/1097-0126(200012)49:12%3C1658::AID-PI587%3E3.0.CO;2-M";;;;;;
uDDIEvaI;Differences in prevalence of antibodies to GAD and IA-2 and their titers at diagnosis in children with slowly and rapidly progressive forms of type 1 diabetes.;https://doi.org/10.1016/j.diabres.2008.09.050;;;;;;
BGNlxvRd;Thermal evolution of the crystal structure of the orthorhombic perovskite LaFeO 3;https://doi.org/10.1016/j.jssc.2015.07.019;;;;;;
yZqAlSn6;OJ-127 Long-term Prognosis of Subjects with Brugada-type Electrocardiogram Diagnosed during a Health Examination(ECG / Body surface potential mapping / Holter(02)(A),Oral Presentation (Japanese),The 72nd Annual Scientific Meeting of the Japanese Circulation Society);None;;;;;;
EbIP1JT0;CT and MR Diagnosis of the Puerile Skull Lesions in Langerhans Cell Histiocytosis;https://doi.org/10.3969/j.issn.1672-5131.2011.03.020;titolo solo cinese;;;;;
3mracMOF;The complete mitochondrial genome of Liachirus melanospilos (Pleuronectiformes: Soleidae).;https://doi.org/10.3109/19401736.2013.845763;;;;;;
ZMGnkxOk;Theoretical study on the optical emission processes in geminally locked tetraphenylethylene derivatives;https://doi.org/10.1016/j.cplett.2019.04.048;;;;;;
Hp88t5lk;ENVIRONMENTAL CHANGES RECORDED IN CORE SEDIMENTS FROM THE PUMOYUM CO LAKE OF THE TIBETAN PLATEAU DURING THE INITIAL STAGE OF THE LAST DEGLACIAL PERIOD;https://doi.org/10.3321/j.issn:1001-7410.2006.05.012;titolo solo cinese;;;;;
HVJfKVLN;Association between blood eosinophil count and exacerbation risk in patients with asthma receiving medium- or high-dosage inhaled corticosteroids;https://doi.org/10.1183/1393003.congress-2017.PA3994;;;;;;
9jPdaJQ5;Effects of high intensity focused ultrasound combined with ultrasound contrast agent on hydatid cysts in vitro;https://doi.org/10.3969/cjz.j.issn.1002-2694.2012.12.009;titolo solo cinese;;;;;
yAncocnD;Structure and electrochemical hydrogen storage properties of A 2B-type Ti-Zr-Ni alloys;None;;;;;;
k9q6tC57;Cross point assignment algorithm with crosstalk constraint;https://doi.org/10.1109/icasic.2003.1277560;;;;;;
i9vO80Lf;Beneficial performance of a quasi-zero-stiffness vibration isolator with time-delayed active control;https://doi.org/10.1016/j.ijmecsci.2014.03.002;;;;;;
pQFEstrT;Preparation and Characterization of Ni-SiC Nano-composite Coatings by Electrodepositing in Copper Substrate;None;;;;;;
Py6OaFSH;ChemInform Abstract: Synthesis and Characterization of a Fluorotitanophosphate (NH<sub>4</sub>)<sub>0.16</sub>K<sub>1.84</sub>[Ti<sub>2</sub>F<sub>2</sub>(PO<sub>4</sub>)<sub>2</sub>(PO<sub>3</sub>OH)] with a Unique Lamella Framework.;https://doi.org/10.1002/chin.200936017;;;;;;
2l0ROifQ;Device type and real-world effectiveness of asthma combination therapy: an observational study.;https://doi.org/10.1016/j.rmed.2011.04.010;;;;;;
s4bgdEOQ;Neuropsychiatric Outcomes After Mefloquine Exposure Among U.S. Military Service Members.;https://doi.org/10.4269/ajtmh.16-0390;;;;;;
jbdemh8i;Electron extraction layer based on diketopyrrolopyrrole/isoindigo to improve the efficiency of inverted perovskite solar cells;https://doi.org/10.1039/c8tc02766h;;;;;;
4ZT9BKGY;Stable carbon isotope variations in surface bloom scum and subsurface seston among shallow eutrophic lakes;https://doi.org/10.1016/j.hal.2007.02.002;;;;;;
69U9SN9H;Asymmetric Radical-Radical Cross-Coupling through Visible-Light-Activated Iridium Catalysis.;https://doi.org/10.1002/chin.201615021;;;;;;
gKoQndFq;Analysis of the problems existing in Chinaís environmental supervision system and the improvement proposals;None;;;;;;
2WFpf1Zb;HgS and Zuotai differ from HgCl 2 and methyl mercury in intestinal Hg absorption, transporter expression and gut microbiome in mice.;https://doi.org/10.1016/j.taap.2019.114615;;;;;;
67s507EX;Optimal Design and Control of Ouput Filter of PAPF;https://doi.org/10.19457/j.1001-2095.2010.07.008;titolo solo cinese;;;;;
89IgfI1d;Wintertime Phytoplankton Blooms in the Western Equatorial Indian Ocean Associated With the Madden-Julian Oscillation: WINTERTIME BLOOMS IN WEIO;https://doi.org/10.1002/2017jc013203;;;;;;
gGoklqny;Expression of epithelial cell adhesion molecule associated with elevated ductular reactions in hepatocellar carcinoma.;https://doi.org/10.1016/j.clinre.2014.04.015;;;;;;
uofgpFkg;Impact of stochastic mismatch on FinFETs SRAM cell induced by process variation;https://doi.org/10.1109/EDSSC.2008.4760701;;;;;;
bzfxvWyh;Retrograde single stapling technique for laparoscopic ultralow anterior resection.;https://doi.org/10.1159/000266344;;;;;;
POb06yjo;Fudania jinshanensis gen. nov., sp. nov., isolated from faeces of the Tibetan antelope ( Pantholops hodgsonii ) in China.;https://doi.org/10.1099/ijsem.0.003586;;;;;;
L2EZHFDI;Digital video steganalysis using motion vector recovery-based features.;https://doi.org/10.1364/AO.51.004667;;;;;;
ugnrbYSx;The chitinase 3-like 1 gene and schizophrenia: evidence from a multi-center case-control study and meta-analysis.;https://doi.org/10.1016/j.schres.2009.12.002;;;;;;
r2XvN4Sx;Effect of 6-BA and ABA Applications on Yield, Quality and Photosynthate Contents in the Subtending Leaf of Cotton with Different Planting Dates;https://doi.org/10.3724/sp.j.1006.2013.01078;;;;;;
F69a0Kgh;SOLENOID AND SOLENOID VALVE;None;;;;;;
1qYvIKkJ;Method for detecting the orthogonal code cdma signal;None;;;;;;
t4skbhhJ;Analysis on Content of Total Sugar and Polysaccharides from Arnebia euchroma(Royle) Johnst Hairy Roots;None;titolo solo cinese;;;;;
XeLD6xhW;Low digestibility of phytate phosphorus, their impacts on the environment, and phytase opportunity in the poultry industry.;https://doi.org/10.1007/s11356-018-4000-0;;;;;;
c3ZBGmRA;Blue AIEgens: approaches to control the intramolecular conjugation and the optimized performance of OLED devices;https://doi.org/10.1039/c5tc03262h;;;;;;
fWY7NUlU;Probabilistic group recommendation via information matching;https://doi.org/10.1145/2488388.2488432;;;;;;
bnXKCXiC;The Long Non-Coding RNA NEAT1 Modulates Imatinib-Induced Apoptosis in CML Cells;https://doi.org/10.1182/blood.V126.23.4019.4019;;;;;;
H3KtXggA;PH-controlled assembly of two unusual entangled motifs based on a tridentate ligand and octamolybdate clusters: 1D + 1D ? 3D poly-pseudorotaxane and 2D ? 2D ? 3D polycatenation;https://doi.org/10.1021/cg201555f;;;;;;
xOOalsqV;Cross-layer Dynamic Bandwidth Allocation Algorithm Based on Convex Optimization Theory In satellite communication system;https://doi.org/10.1109/icocn.2017.8121246;;;;;;
MpbdE6jk;THE REFINING EFFECT OF Fe-Ti-N NUCLEATION ALLOY ON THE SOLIDIFIED STRUCTURE OF INDUSTRIAL PURE IRON;https://doi.org/10.3969/j.issn.1001-7208.2009.02.011;titolo solo cinese;;;;;
Y9TzFaty;Cloning, Expression and Antibody Production of nm23-M2;https://doi.org/10.3969/j.issn.0253-357X.2006.02.001;titolo solo cinese;;;;;
pfYNosi1;Laparoscopic radical cystectomy with extracorporeal neobladder: our initial experience.;https://doi.org/10.1016/j.urology.2018.11.017;;;;;;
HcHgdpSa;Decentralized adaptive delay-dependent neural network control for a class of large-scale interconnected nonlinear systems.;https://doi.org/10.1016/j.amc.2017.05.026;;;;;;
UHbsiNCh;Human Polymerase-Associated Factor complex (PAFc) connects the Super Elongation Complex (SEC) to RNA polymerase II on chromatin.;https://doi.org/10.1073/pnas.1107107108;;;;;;
K3a5Zw1j;Serum metabolic changes associated with dioxin exposure in a Chinese male cohort.;https://doi.org/10.1016/j.envint.2020.105984;;;;;;
C6fFQtef;A case of cardiac sarcoidosis with advanced atrioventricular block. Failure of endomyocardial biopsy diagnosis and success in detecting.;https://doi.org/10.1007/s003800300009;;;;;;
vY4qkaAW;Gold(i)- and rhodium(iii)-catalyzed formal regiodivergent C-H alkynylation of 1-arylpyrazolones.;https://doi.org/10.1039/c8ob00585k;;;;;;
JUFG27r1;Ultrafine amorphous Fe?Ni?B and Fe?P?B particles;None;;;;;;
eapiwEWm;Medical Knowledge-Base and Medical Knowledge Acquirement;https://doi.org/10.3969/j.issn.1006-1959.2006.09.007;titolo solo cinese;;;;;
Nz1X7PA8;Blood urea removal device;None;;;;;;
61fkZnmL;Simultaneous determination of eight common odors in natural water body using automatic purge and trap coupled to gas chromatography with mass spectrometry.;https://doi.org/10.1016/j.chroma.2011.04.041;;;;;;
Jw38pyJG;Screening and identification of natural antisense transcripts in Helicobacter pylori by a novel approach based on RNase I protection assay.;https://doi.org/10.1007/s11033-008-9390-5;;;;;;
90QrTJJS;Preparation and characterization of NiO/YSZ cathode and BSCF/SDC anode of SOEC for hydrogen production;https://doi.org/10.4028/www.scientific.net/amr.287-290.2494;;;;;;
dpictgyJ;Stem cells deployed for bone repair hijacked by T cells.;https://doi.org/10.1016/j.stem.2011.12.010;;;;;;
Pn7xQiS5;Enhancing the Photocatalytic Performance of BiOClxI1‚àíx by Introducing Surface Disorders and Bi Nanoparticles as Cocatalyst;https://doi.org/10.1002/admi.201500249;;;;;;
hBC9zxUi;Study on the different dosages of D-galactose inducing brain aging mouse model;https://doi.org/10.3969/j.issn.1005-9202.2009.03.002;true;;;;;
DPFqz0jU;Late Holocene vegetation responses to climate change and human impact on the central Tibetan Plateau.;https://doi.org/10.1016/j.scitotenv.2019.135370;;;;;;
24oOfQ1B;Comparisons of thyroid hormone, intelligence, attention, and quality of life in children with obstructive sleep apnea hypopnea syndrome before and after endoscopic adenoidectomy.;https://doi.org/10.1155/2015/523716;;;;;;
ivh44VkF;The turning control research of the shape-shifting robot in different configurations;https://doi.org/10.1109/WCICA.2014.7053394;;;;;;
wHhU5km6;The Removal of Indigo Carmine from Water by Solvent Sublation;https://doi.org/10.1081/SS-200048175;;;;;;
nwJRbllv;Customizing Lip Video into Animation for Wireless Emotional Communication;None;;;;;;
UyNrsPv6;Over-expression of Src kinase inducing imatinib resistance of K562 cells;https://doi.org/10.3969/j.issn.1006-5725.2012.12.007;titolo solo cinese;;;;;
N9r7MPBC;Concurrent loss of INI1, PBRM1, and BRM expression in epithelioid sarcoma: implications for the cocontributions of multiple SWI/SNF complex members to pathogenesis.;https://doi.org/10.1016/j.humpath.2014.06.027;;;;;;
Umyq8i1z;H? Suboptimal model reduction for singular systems;None;;;;;;
VY6tBFAI;Preparation of hollow porous Cu2O microspheres and photocatalytic activity under visible light irradiation.;https://doi.org/10.1186/1556-276x-7-347;;;;;;
0qI08xff;Synthesis and field emission characterization of titanium nitride nanowires.;https://doi.org/10.1166/jnn.2007.686;;;;;;
zCUv5ReQ;Effect of heat treatment on corrosion resistance of 00Ni40Cu3 stainless steel;https://doi.org/10.13289/j.issn.1009-6264.2011.09.025;titolo solo cinese;autore probabilmente sbagliato nel val;;;;
Xnh6jyoB;A Convenient Approach to the Synthesis of Azido-Acyclic Nucleosides;https://doi.org/10.1080/07328318908054192;;;;;;
CzM527wl;Boosting Modern Agricultural Development in Hilly Areas by Science and Technology Innovation;https://doi.org/10.3969/j.issn.1000-7695.2012.12.023;true;;;;;
4SgpHa4F;Flomoxef showed excellent in vitro activity against clinically important gram-positive and gram-negative pathogens causing community- and hospital-associated infections.;https://doi.org/10.1016/j.diagmicrobio.2015.01.001;;;;;;
IHfxRYlZ;A novel fusion suicide gene yeast CDglyTK plays a role in radio-gene therapy of nasopharyngeal carcinoma.;https://doi.org/10.1038/sj.cgt.7700728;;;;;;
VHKhh5qU;Context-Aware Deep Spatio-Temporal Network for Hand Pose Estimation from Depth Images.;https://doi.org/10.1109/tcyb.2018.2873733;;;;;;
xxTBJY7g;Fuzzy-neuro position/force control for robotic manipulators with uncertainties;https://doi.org/10.1007/s00500-006-0082-6;;;;;;
xK6dS7GW;Advances in Research on Synthesis of Vinpocetine and Its Analogues and Their Structure-activity Relationships;https://doi.org/10.3969/j.issn.1001-5094.2010.01.002;true;;;;;
q2R5Dlnr;Installation, system-level control strategy and commissioning of the Nanjing UPFC project;https://doi.org/10.1109/pesgm.2017.8274051;;;;;;
oyf5dCCJ;Impact of Sheet Thickness on Magnetic Flux Leakage Inspection;None;titolo solo cinese;;;;;
h6pkgvYe;Bicolor switching mechanism of multifunctional light-emitting molecular material in solid phase;https://doi.org/10.1016/j.orgel.2019.05.028;;;;;;
Bid73C7j;PRNP mutations in a series of apparently sporadic neurodegenerative dementias in China.;https://doi.org/10.1002/ajmg.b.30761;;;;;;
CWG9Erjo;Strain- and age-dependent loss of sarcoglycan complex in cardiomyopathic hamster hearts and its re-expression by ?-sarcoglycan gene transfer in vivo;https://doi.org/10.1016/s0014-5793(99)01164-3;;;;;;
yObfr1hI;Revealing a nucleophilic addition reaction between aza-BODIPY and cyanide anion;https://doi.org/10.1016/j.tetlet.2016.10.024;;;;;;
TItQQKJ9;Syntheses and Characterizations of Metal-Organic Frameworks with Unusual Topologies Derived from Flexible Dipyridyl Ligands;https://doi.org/10.1002/ejic.200400173;;;;;;
i3GaNk0V;Retinoic acid inhibition of Epstein-Barr virus induction.;None;;;;;;
4JOUxPmT;Preparation of p-tert[(dimethylamino)methyl]-calix[4]arene functionalized aminopropylpolysiloxane resin for selective solid-phase extraction and preconcentration of metal ions.;https://doi.org/10.1016/j.jhazmat.2009.03.084;;;;;;
s8HWF7dO;Di≠aqua≠bis≠(pyridine?2,5?di≠carboxyl≠ato)≠cobalt(II);None;;;;;;
jSgrdG4n;Dynamic behaviors of rigid-flexible coupling for novel 4-UPS-UPU parallel coordinate measuring machine;None;;autore sbagliato nel val ;;;;
IcW45Iw6;Present Status,Problems and Countermeasures on Water Environmental Quality in Xinjiang;None;;;;;;
F0rvIRJO;Azobenzene-based colorimetric chemosensors for rapid naked-eye detection of mercury(II).;https://doi.org/10.1002/chem.201003275;;;;;;
TXrdsM2V;Efficient inhibition of SDF-1alpha-mediated chemotaxis and HIV-1 infection by novel CXCR4 antagonists.;https://doi.org/10.1111/j.1349-7006.2009.01104.x;;;;;;
OLqEpshT;Brief exposure to hypoxia induces bFGF mRNA and protein and protects rat cortical neurons from prolonged hypoxic stress.;https://doi.org/10.1016/j.scitotenv.2019.135370;;;;;;
Vsg72NZC;A pseudo-two-dimensional conjugated polysquaraine: an efficient p-type polymer semiconductor for organic photovoltaics and perovskite solar cells;https://doi.org/10.1039/c8ta05026k;;;;;;
EpYMXFZ0;Brief report: Mid-season influenza vaccine effectiveness estimates for the 2016-2017 influenza season.;None;;;;;;
w0YyDoVG;Solvent?Free Stereoselective Synthesis of cis?1?Carbomethoxy?2?Aryl?3,3?Dicyanocyclopropanes by Grinding;https://doi.org/10.1081/scc-200039461;;;;;;
JbsWTyKj;A method of registration between laser scanning data and digital images;https://doi.org/10.3969/j.issn.1671-8860.2007.04.003;true;;;;;
wSEghTGh;Detection of telomerase activity in human hepatocellular carcinoma cell by non-radioisotopic silver staining telomeric repeat amplification protocol;None;;;;;;
OzZ7O18Z;Copper toxicity to : a survey of the sensitivity of various toxicity endpoints at the physiological, biochemical, molecular and structural levels;https://doi.org/10.1007/s10534-014-9727-6;;;;;;
DKgR0wQb;Thermodynamic properties, electron spin resonance, and underlying spin model in Cu 3 Y ( SeO 3 ) 2 O 2 Cl;https://doi.org/10.1103/PhysRevB.90.214417;;;;;;
pj6FmD9u;Nitrate ions as cathodic alkalization promoters for the electro-assisted deposition of solÔøΩgel thin films;https://doi.org/10.1016/j.scriptamat.2008.03.028;;;;;;
icfXHvJW;Precursor polypeptides of adult T-cell leukaemia virus: detection with antisera against isolated polypeptides gp68, p24 and p19.;https://doi.org/10.1099/0022-1317-65-12-2249;;;;;;
iWETvWAJ;Delay-Dependent ${H}_{\\infty }$ Control for Descriptor Markovian Jump Systems with Time-Varying Delay;None;;;;;;
LhM1mrfm;Gordon Bell finalists II - The BlueGene/L supercomputer and quantum ChromoDynamics;https://doi.org/10.1145/1188455.1188507;;;;;;
PneDb0vd;Phanerozoic tectonics of the South China Block: Key observations and controversies;https://doi.org/10.1016/j.gr.2012.02.019;;;;;;
cLDz6PPx;Interchannel interference cancellation method for TDS-OFDM systems;https://doi.org/10.3321/j.issn:1000-0054.2007.04.031;true;;;;;
KC8i9ZYE;Adaptive-Partitioning Redistributed Charge and Dipole Schemes for QM/MM Dynamics Simulations: On-the-fly Relocation of Boundaries that Pass through Covalent Bonds;https://doi.org/10.1021/ct2005209;;;;;;
f8kBvq6Y;"Diet, Echolocation Calls, and Phylogenetic Affinities of the Great Evening Bat (Ia io; Vespertilionidae): Another Carnivorous Bat";https://doi.org/10.1644/06-mamm-a-167r1.1;;;;;;
rKryDvFH;Computation Rate Maximization in UAV-Enabled Wireless Powered Mobile-Edge Computing Systems.;https://doi.org/10.1109/jsac.2018.2864426;;;;;;
BC2OC8Zr;A New Method of Parametric Design for Helical Gear Tooth Based on SolidWorks;https://doi.org/10.3969/j.issn.1672-6413.2013.02.003;true;;;;;
FLC44ani;Alcohol-Tolerant Platinum Electrocatalyst for Oxygen Reduction by Encapsulating Platinum Nanoparticles inside Nitrogen-Doped Carbon Nanocages.;https://doi.org/10.1021/acsami.6b03482;;;;;;
OmRQOsjY;AB041. Effectiveness and cost impact evaluation of fluticasone propionate/formoterol compared to fluticasone propionate/salmeterol;https://doi.org/10.21037/jtd.2016.s041;;;;;;
1q2LLGKf;Absorbent of CuCl/NaY prepared by glucose direct reduction and the application for adsorption of CO and separation for CO/H2 mixture gas;None;;;;;;
HaZadoVM;Influence of Zirconia Promoter on Catalytic Properties of CuÔøΩCrÔøΩSi Catalysts for Methanol Synthesis at High CO Conversion in Slurry Phase;https://doi.org/10.1007/s10562-006-0027-9;;;;;;
4rwWA415;Application of laser induced breakdown spectroscopy in measurement of heavy metal Cr in soil using artificial neural network;https://doi.org/10.3788/CJL201138.s115002;;;;;;
dAox6rXj;Mechanism of inhibitory effect of glycyrrhizin on replication of human immunodeficiency virus (HIV).;https://doi.org/10.1016/0166-3542(88)90047-2;;;;;;
3xKQ2e1G;Frontispiece: Catalytic Strategies for Diastereodivergent Synthesis;https://doi.org/10.1002/chem.201782761;;;;;;
bLASkkoK;Isolation and characterization of aniline-degrading Rhodococcus sp. strain AN5.;https://doi.org/10.1080/10934520701629674;;;;;;
d5il9yT4;Research on integration of medical information system based on SOA;https://doi.org/10.3969/j.issn.1003-8868.2008.01.015;true;;;;;
IY1pXKFG;A novel nanocomposite of WO 3 modified Al-doped ZnO nanowires with enhanced electrochromic performance;https://doi.org/10.1016/j.matlet.2015.07.107;;;;;;
2kDKBEDs;Sharply promoted CO2 diffusion in a mixed matrix membrane with hierarchical supra-nanostructured porous coordination polymer filler;https://doi.org/10.1016/j.memsci.2019.117772;;;;;;
achOLQXs;Triamcinolone-assisted internal limiting membrane peeling during idiopathic macular hole surgery.;https://doi.org/10.1001/archopht.123.1.96;;;;;;
AXj4soGj;Transient modeling and analysis of a passive liquid-feed DMFC;https://doi.org/10.1016/j.ijheatmasstransfer.2007.08.022;;;;;;
9DQ47rZF;Evaluation of scattering in asymmetric quasi-ballistic DG-MOSFET;https://doi.org/10.1109/SNW.2012.6243301;;;;;;
r9nWZt4G;A Monte Carlo study for the shielding of ? backgrounds induced by radionuclides for CDEX;https://doi.org/10.1088/1674-1137/35/3/013;;;;;;
IPZWbkhG;Dynamical Analysis and Assessment of Forest Resources in Zhejiang Province;https://doi.org/10.3969/j.issn.1004-7743.2007.03.010;true;;;;;
RYuIPbLG;The Latest Progress of TILLING Technique and Its Prospects in Irradiation Mutation Breeding;None;titolo solo cinese;;;;;
AGIgVhcg;324: EFFECT OF DIFFERING COOLING RATES ON SHIVERING DURING HYPOTHERMIA IN A RAT MODEL OF CARDIAC ARREST;https://doi.org/10.1097/01.ccm.0000528343.40239.06;;;;;;
4Aei0UpL;Detection of serum antibodies to adult T-cell leukemia virus in non-human primates and in people from Africa.;https://doi.org/10.1002/ijc.2910320311;;;;;;
1vo2HJRc;Strategy for the Development of Cell Therapy Using Bone Marrow Cells to Repair Damaged Liver;None;;;;;;
vXMxRUvM;Pathogenetic significance of the expression of peroxisome proliferator-activated receptor?(PPAR?) mRNA in coronary artery lesions in CHD patients;https://doi.org/10.3321/j.issn:0577-7402.2006.09.007;true;;;;;
oTGsZ7Lq;Information-theoretic classification of SNOMED improves the organization of context-sensitive excerpts from Cochrane reviews.;None;;;;;;
8ApYgiIz;Utilizing UV-LED pulse width modulation on TiO2 advanced oxidation processes to enhance the decomposition efficiency of pharmaceutical micropollutants;https://doi.org/10.1016/j.cej.2018.12.065;;;;;;
GuWbtf1G;Enhancing photoelectrochemical water splitting by combining work function tuning and heterojunction engineering.;https://doi.org/10.1038/s41467-019-11586-y;;;;;;
klL9d8kG;Recent lacustrine Ostracoda and a first transfer function for palaeo-water depth estimation in Nam Co, southern Tibetan Plateau;None;;;;;;
3NiyjLZM;Synthesis and polymorphic study of roflumilast N-oxide;None;titolo solo cinese;;;;;
UL3Ot9aJ;Diagnostic Value of Susceptibility-weighted Imaging in Intracranial Vascular Malformation;https://doi.org/10.3969/j.issn.1000-0313.2010.02.009;true;;;;;
Oxr1V8j2;System simulation and implementation of multi-function clock based on AT89S52;None;titolo solo cinese;;;;;
9LKJHQw5;GPU-based volume rendering;None;;;;;;
d26BmsDu;Particulate Organic Carbon Distribution in Aggregates Differing in Land Use and Long-term Fertilization in Black Soil;https://doi.org/10.13870/j.cnki.stbcxb.2012.01.039;;;;;;
lgp7vel6;The Application of Da Vinci Surgical System in General Surgery;None;titolo solo cinese;;;;;
OPxYQ3yS;Experimental study on thermal effect on infiltration mechanisms of glycerol into ZSM-5 zeolite under cyclic loadings;https://doi.org/10.1088/0022-3727/49/2/025303;;;;;;
3gKj2t60;Comparative transcriptome analysis at seven time points during Haematococcus pluvialis motile cell growth and astaxanthin accumulation;https://doi.org/10.1016/j.aquaculture.2018.12.091;;;;;;
oXJGuTNe;Dynamic commutation torque-ripple reduction for brushless DC motor based on quasi-Z-source net;https://doi.org/10.1049/iet-epa.2016.0219;;;;;;
nVcDgjzw;Deep Correlation Tracking with Backtracking.;https://doi.org/10.1587/transfun.e100.a.1601;;;;;;
vW6FxcCI;Conversion of waste FGD gypsum into hydroxyapatite for removal of Pb≤? and Cd≤? from wastewater.;None;;;;;;
vjKswZ8Z;A new evolutionary search strategy for global optimization of high-dimensional problems;https://doi.org/10.1016/j.ins.2011.06.024;;;;;;
YKo4wzF6;A new type of the indian ocean dipole since the mid-1970s;https://doi.org/10.1175/jcli-d-12-00047.1;;;;;;
EkvGYMAk;Deposition of diamond-like carbon films by barrier discharge plasma with 1.4 and 20 kHz power sources;https://doi.org/10.1016/S0040-6090(02)00481-9;;;;;;
2p1IDawr;Global asymptotic stability for diffusion models of nonautonomous single-species n-patches;https://doi.org/10.3969/j.issn.1674-1048.2006.06.005;true;;;;;
zuOqz0MY;Research on Crosslinking of Polylactide Using Low Concentration of Dicumyl Peroxide;https://doi.org/10.4028/www.scientific.net/msf.620-622.189;;;;;;
Gg7jyg1Q;Stationary distribution and extinction of a stochastic dengue epidemic model.;https://doi.org/10.1016/j.jfranklin.2018.10.003;;;;;;
r3t7dEoQ;Hybrid power control scheme in hierarchical spectrum sharing network for cognitive radio;https://doi.org/10.1016/j.phycom.2009.02.002;;;;;;
oezenCLf;IN VITRO STUDY ON THE CAUSE OF INTRAVENTRICULAR ABERRANT CONDUCTION. : COMPARISON OF THE FUNCTIONAL REFRACTORY PERIOD BETWEEN THE CANINE RIGHT AND LEFT BUNDLE BRANCH SYSTEMS : IVth Auditorium : PROCEEDINGS OF THE 40TH ANNUAL MEETING OF THE JAPANESE CIRCULATION SOCIETY;None;;;;;;
awrzC3iK;A Novel Segmentation Framework Using Sparse Random Feature in Histology Images of Colon Cancer.;https://doi.org/10.1007/978-981-10-6370-1_17;;;;;;
OwqVx433;ChemInform Abstract: New Selective Cleavage of Cyclic Ethers Using (Acyloxy)boranes.;https://doi.org/10.1002/chin.199250094;;;;;;
XuIOQAF6;Ion beam apparatus;None;;;;;;
RKtkdW4b;Development of an amphibious snake-like robot;https://doi.org/10.1109/WCICA.2010.5553836;;;;;;
N0Do4U0k;Effects of long-term maintenance treatment with corticosteriod on relapses and neurological disability progression in patients with relapsing-remitting multiple sclerosis;https://doi.org/10.3969/j.issn.1006-2963.2010.05.005;true;;;;;
FOUzmSEj;Tracking and Identification of Animals for a Digital Zoo.;https://doi.org/10.1109/GreenCom-CPSCom.2010.69;;;;;;
YAvoLVwC;Frequency of cough versus dyspnoea as the first recorded symptom of idiopathic pulmonary fibrosis;https://doi.org/10.1183/13993003.congress-2018.pa2922;;;;;;
piXAaZQV;A Novel Synthesis of 5?Aryl?3?phenylpyrazole from 2?Aryl?3?benzoyl?1,1?cyclopropanedicarbonitrile and Hydrazine.;https://doi.org/10.1002/chin.200630127;;;;;;
tZKDoObs;Future Research Prospects on Flood Returning to Main Channel of Xijiang River;https://doi.org/10.3969/j.issn.2095-008x.2010.04.005;true;;;;;
CPif8yVq;Distribution, Temporal Stability and Appropriateness of Therapy of Patients With COPD in the UK in Relation to GOLD 2019.;https://doi.org/10.1016/j.eclinm.2019.07.003;;;;;;
Zcl6Hlg7;Synthesis, Crystal Structure and Fluorescence of Two Novel Mixed-Ligand Cadmium Coordination Polymers with Different Structural Motifs;https://doi.org/10.1002/ejic.200300080;;;;;;
iH6H6KhS;NMR characterization for polysaccharide moiety of a glycopeptide.;https://doi.org/10.1016/j.fitote.2009.08.007;;;;;;
YqYnrOd6;Enhanced specificity of TPMT*2 genotyping using unidirectional wild-type and mutant allele-specific scorpion primers in a single tube.;https://doi.org/10.1371/journal.pone.0091824;;;;;;
kCtBFgct;Robust dissipative control for a class of singular time-delay systems with uncertainties;None;;;;;;
ahEiBdYe;Distinctive curves features;https://doi.org/10.1049/el.2015.3495;;;;;;
fNMQDKeq;Mannose 6-phosphate receptor homology domain-containing lectins in mammalian endoplasmic reticulum-associated degradation.;https://doi.org/10.1016/S0076-6879(10)80010-2;;;;;;
Rcbz1Mct;Paradoxical roles of autophagy in different stages of tumorigenesis: protector for normal or cancer cells.;https://doi.org/10.1186/2045-3701-3-35;;;;;;
dXlO47fe;Pathological changes and thermal coagulation of human liver tissue induced changes in the optical penetration depths in vitro;None;;;;;;
B35MHzXC;Key Factors of Drilling Wellhead Stability in Offshore Exploratory Wells;https://doi.org/10.3969/j.issn.1001-3482.2012.07.020;true;;;;;
yloMQCbw;One-dimensional model analysis and performance assessment of Tesla turbine;https://doi.org/10.1016/j.applthermaleng.2018.02.019;;;;;;
0LJiwdYW;License Plate Location Based on Edge Detection and Morphological Image Processing;https://doi.org/10.3969/j.issn.1672-6413.2010.06.017;true;;;;;
m9Ntp9tl;SCALING WITH KNOWN UNCERTAINTY: A SYNTHESIS;https://doi.org/10.1007/1-4020-4663-4_18;;;;;;
Xr5y48cQ;An Efficient and Practical Defense Method Against DDoS Attack at the Source-End;https://doi.org/10.1109/ICPADS.2005.79;;;;;;
OQBVBwqO;Query Transformation in Ontology-Based Relational Data Integration;https://doi.org/10.1109/APWCS.2010.83;;;;;;
InYuV5Oq;Enhancing CO2 catalytic activation and direct electroreduction on in situ exsolved Fe/MnOx nanoparticles from (Pr,Ba)2Mn2 yFeyO5+? layered perovskites for SOEC cathodes;https://doi.org/10.1016/j.apcatb.2019.118389;;;;;;
v4gVGBms;Crystal structure and magnetic behaviour of a two-dimensional step-shaped cyano-bridged complex [Cu(dien)]3[Fe(CN)6]2'6H2O (dien = diethylenetriamine);None;;;;;;
bg57p8ta;CRP acts as a transcriptional repressor of the YPO1635-phoPQ-YPO1632 operon in Yersinia pestis.;https://doi.org/10.1007/s00284-014-0736-z;;;;;;
7hgOoWWK;Effects of Ethanol Extracts of Scorpion and Valproic Acid in the epileptic rat model induced by Lithium Chloride-Pilocarpine:A comparative study;https://doi.org/10.3969/j.issn.1672-6170.2012.02.014;true;;;;;
OYyyJ4xb;MA25.09 Navigating Anlotinib Precision Therapy Through the Genetic Profiling of Circulating DNA in Non-Small Cell Lung Cancer Patients;https://doi.org/10.1016/j.jtho.2019.08.715;;;;;;
fsfYVCZP;Rare earth induced formation of ?-BiB 3O 6 at ambient pressure with strong second harmonic generation;None;;;;;;
UHQN2ga4;Updating conventional soil maps through digital soil mapping;https://doi.org/10.2136/sssaj2010.0002;;;;;;
CRCBloO4;ChemInform Abstract: The Magnesium(II)?Catalyzed Asymmetric KetoneóEne Reaction under Solvent?Free Conditions: Stereocontrolled Access to Enantioenriched Trifluoromethyl?Substituted Compounds.;https://doi.org/10.1002/chem.201001412;;anno sbagliato nel validation;;;;
Mpdd6wYm;Suppression of the Critical Temperature of Superconducting NdFeAs(OF) Single Crystals by Kondo-Like Defect Sites Induced by ?-Particle Irradiation;https://doi.org/10.1103/physrevlett.104.087002;;;;;;
0gyYFW03;The impact of cancer associated fibroblasts on the biological behavior of prostate cancer LNCaP cells under the condition of anti-androgen in vitro;https://doi.org/10.3870/j.jssn.1674-4624.2013.02.010;true;;;;;
4AK0VUdF;Surveillance of hemorrhagic fever with renal syndrome in Zhejiang province,2010;https://doi.org/10.3784/j.issn.1003-9961.2011.06.007;;;;;;
NYpGTop0;Hypothalamic nesfatin-1 stimulates sympathetic nerve activity via hypothalamic ERK signaling;https://doi.org/10.2337/db15-0282;;;;;;
yM5bV7xm;Microwave formation and photoluminescence mechanisms of multi-states nitrogen doped carbon dots;https://doi.org/10.1016/j.apsusc.2017.05.036;;;;;;
Egzc7XGp;The simulation of movements in machining the gearbox shell;https://doi.org/10.3969/j.issn.1671-3133.2010.11.032;true;;;;;
aNjRXo48;Mesozoic sedimentary basin development and tectonic implication, northern Yangtze Block, eastern China: record of continentÔøΩcontinent collision;https://doi.org/10.1016/j.jseaes.2004.01.010;;;;;;
d6gweQmQ;Hypoxia microenvironment regulates immunotherapy effect of TSST-1 on CEA positive colon cancer LoVo cells;https://doi.org/10.3872/j.issn.1007-385X.2011.06.003;true;;;;;
tvPuqVet;Line extraction of industrial parts based on least square template matching;https://doi.org/10.1109/CISP.2008.57;;;;;;
ItPkSLpp;On-line inspection method for steel billet characters based on improved template matching;https://doi.org/10.3969/j.issn.1006-5911.2007.10.032;true;;;;;
DMSSAd5R;Optimization of Applications with Non-blocking Neighborhood Collectives via Multisends on the Blue Gene/P Supercomputer.;https://doi.org/10.1109/IPDPS.2010.5470407;;;;;;
MOeh3eHe;An Attempt To Modify Nonlinear Optical Effects of Polyurethanes by Adjusting the Structure of the Chromophore Moieties at the Molecular Level Using ``Click'' Chemistry;https://doi.org/10.1021/ma061854s;;;;;;
gUSoVViN;Expression of eNOS in the endothelial cells during the arteriogenesis of pig hind-limbs];https://doi.org/10.3321/j.issn:1672-7347.2006.01.015;true;;;;;
dW1WDm66;Iodine catalyzed one-pot multi-component reaction to CF 3- containing spiro[indene-2,3?-piperidine] derivatives;https://doi.org/10.1016/j.jfluchem.2011.09.006;;;;;;
rQk6hLNm;Treatment of Carotid Stenosis Associated with Coronary Arterial Disease;None;;;;;;
I7qZiT2H;Patient-specific CT-based 3D passive FSI model for left ventricle in hypertrophic obstructive cardiomyopathy.;https://doi.org/10.1080/10255842.2018.1443215;;;;;;
gD8MfBQi;Information System of Field Shelter Hospital;None;titolo solo cinese;;;;;
mIy6c4hB;Research on Optimal Combined Application of NPK Fertilizers in the South of Heilongjiang;https://doi.org/10.3969/j.issn.1002-2767.2008.02.019;;;;;;
D12KWgJD;Attenuation effects of compatible medicines on arsenical and lead toxicity of badu shengji san];https://doi.org/10.4268/cjcmm20111524;true;;;;;
M9SEq5pu;Studies on delignification from reed by ethanol(?);https://doi.org/10.3969/j.issn.1007-9211.2006.01.008;;;;;;
nU58ZoU4;Effects of oligopeptide's conformational changes on its adsorption B Biointerfaces;None;;;;;;
9yjJ9T4Y;A Biologically-Inspired Autonomic Architecture for Self-Healing Data Centers;https://doi.org/10.1109/compsac.2006.5;;;;;;
iAsGOWAG;Temporal behavior and instabilities of the self-pumped phase conjugation in photorefractive crystals;None;;;;;;
g5THY9rc;Epitaxial growth and luminescence properties of ZnO-based heterojunction light-emitting diode on Si(1 1 1) substrate by pulsed-laser deposition;https://doi.org/10.1088/0022-3727/41/20/205105;;;;;;
oh3j77yc;Extracellular vesicles from human umbilical cord blood ameliorate bone loss in senile osteoporotic mice.;https://doi.org/10.1016/j.metabol.2019.01.009;;;;;;
nSJXT2pV;Design and Implementation of Remote Sensing Monitoring System for Water and Salinity Content of Cotton in Coastal Saline Soil;https://doi.org/10.3969/j.issn.1002-7807.2012.02.003;;;;;;
SpQvorql;A chiral supramolecular architecture [Cu2(4,4?-bipyridine)2 (sala)2]nÔøΩ4.5nH2O(sala=N-(2-hydroxybenzyl)-l-alanine anion);https://doi.org/10.1016/j.molstruc.2004.07.025;;;;;;
PhJsh1VQ;Research and development of distributed generation in China;https://doi.org/10.1109/PES.2009.5275290;;;;;;
jTbiLxD1;Distinct anisotropy and a high power factor in highly textured TiS 2 ceramics via mechanical exfoliation.;https://doi.org/10.1039/d0cc02097d;;;;;;
18F8qwQf;An enantioselective synthesis of the A-ring synthon for vitamin D3 metabolites by chemicoenzymatic approach;https://doi.org/10.1016/0040-4039(90)80021-D;;;;;;
hoeAi2UL;Modeling and querying probabilistic RDFS data sets with correlated triples;https://doi.org/10.1007/978-3-642-20291-9_35;;;;;;
Yo4289a1;Comparison and Research of Nd:GdYVO_4 and Nd:YVO_4 Laser's Characteristics;None;;;;;;
9tO3l8v0;Comment on the development of PE teachers'morality and quality oriented education;https://doi.org/10.3969/j.issn.1674-7798.2007.04.027;titolo solo cinese;;;;;
BfEzTN6I;Sit-to-stand and stand-to-sit assistance for paraplegic patients with CUHK-EXO exoskeleton.;https://doi.org/10.1017/S0263574717000546;;;;;;
4qceWUgR;Expressions and significance of TLR2 and TLR4 in Kupffer cells of tree shrews chronically infected with hepatitis B virus];https://doi.org/10.13423/j.cnki.cjcmi.006998;;;;;;
D9pZD8pQ;Corrosion Behavior of New Type Zirconium Alloys in Superheated Steam;None;titolo solo cinese;;;;;
UddwMyhV;Lightweight Robust Device-Free Localization in Wireless Networks;https://doi.org/10.1109/TIE.2014.2301714;;;;;;
jUIm82FR;PERFLUOROCARBON LIQUID-ASSISTED INVERTED INTERNAL LIMITING MEMBRANE FLAP TECHNIQUE VERSUS INTERNAL LIMITING MEMBRANE PEELING FOR HIGHLY MYOPIC MACULAR HOLE RETINAL DETACHMENT.;None;;;;;;
NaF15KYN;Investigations and analyses of personality characteristics of children with chronic diseases;https://doi.org/10.3969/j.issn.1672-187X.2008.02.015;true;;;;;
eiUrwyAB;Antioxidant properties and radical-scavenging activity of ethanol extract of defatted peanut meal;https://doi.org/10.1080/10942912.2011.578317;;;;;;
yKP3Xzfl;Reduced reference stereoscopic image quality assessment based on entropy of classified primitives.;https://doi.org/10.1109/dcc.2017.27;;;;;;
VHima40l;Research on Three-Phase Four-Wire APF Control Strategy Based on GPC;https://doi.org/10.3969/j.issn.1001-5531.2012.11.010;true;;;;;
gRpObwov;Conformational dynamics of complementarity-determining region H3 of an anti-dansyl Fv fragment in the presence of its hapten.;https://doi.org/10.1016/j.jmb.2005.06.018;;;;;;
ViJ4IUaC;Effect of pioglitazone on activity of NF-KB and expression of aorta apoptosis proteins in rats with hyperlipidemia;None;titolo solo cinese;;;;;
MD9d21Wo;Successful treatment of repeated hematemesis secondary to postsclerotherapy esophageal ulcer in a cirrhotic patient: A case report.;None;;;;;;
WVYeKGgo;Nonlinear feedback control for rotating stall and surge of an axial flow compressor;https://doi.org/10.3969/j.issn.1000-3835.2013.04.021;true;;;;;
fdAA7rQX;Influences of HCV Infection on Incidence of Occult HBV Infection in Patients Infected with HIV-1;https://doi.org/10.3969/j.issn.1006-7795.2011.02.005;true;;;;;
AMmXSAcU;Fired Cartridge Case Identification Using Optical Images and the Congruent Matching Cells (CMC) Method.;https://doi.org/10.6028/jres.119.023;;;;;;
1J7WXAno;Detection of microbial aerosols in hospital wards and molecular identification and dissemination of drug resistance of Escherichia coli.;https://doi.org/10.1016/j.envint.2020.105479;;;;;;
exE15rhE;Influence of cube texture development on magnetic properties of NiÔøΩ5 at.%W alloy substrates;https://doi.org/10.1016/j.jmmm.2018.09.029;;;;;;
t4SHqxN7;Water resources assessment based on Hilbert-Huang transformation in the changing environments;None;titolo solo cinese;;;;;
